Address,City,Postcode,Phone number
64 Heathside,Esher,KT10 9TF,+441372616774
23 Corfe Close,Ashtead,KT21 2HA,+441372558606
63C London Street,Chertsey,KT16 8AP,+441932168558
74 Hobill Walk,Surbiton,KT5 8SQ,+441372472800
109 Station Road,West Byfleet,KT14 6DT,+441932200442
15 Colne Drive,Walton-On-Thames,KT12 3SJ,+441372728367
1 Oakbank,Fetcham,KT22 9LZ,+441306338164
173 Oatlands Drive,Weybridge,KT13 9JY,+441932326036
26 Sefton Road,Epsom,KT19 9HG,+441372368867
115 Hamilton Avenue,Surbiton,KT6 7QA,+441372038460
13 Glanville Way,Epsom,KT19 8HT,+441372076551
54 Great Tattenhams,Epsom,KT18 5SD,+441737713113
27 Rutland Close,Epsom,KT19 9JR,+441372605475
The Vikings Sandy Way,Cobham,KT11 2EY,+441372050508
52 Garrick Close,Hersham,KT12 5PA,+441372314381
26 The Green,Epsom,KT17 3JN,+441372206662
29A Worple Road,Epsom,KT18 5EP,+441372305635
48 Leatherhead Road,Ashtead,KT21 2SY,+441306715577
6 Meare Close,Tadworth,KT20 5RZ,+441737756408
34 Gainsborough Road,Epsom,KT19 9DG,+441372367351
37 Park Road,Hampton Wick,KT1 4AS,+441372043122
Bracken House Waterhouse ,Lane Kingswood,KT20 6LF,+441737612524
3 Park Lawn Road,Weybridge,KT13 9EU,+441932753428
Lotus House The Chase,Kingswood,KT20 6HY,+441737436866
1 Marneys Close,Epsom,KT18 7HR,+441372673166
Ground Floor Flat 8 Highlands Avenue,London,W3 6ET,+44207033 1066
Apartment 513 6 Wood Crescent,London,W12 7GS,+44203444 8157
First Floor Flat 1 Macroom Road,London,W9 3HY,+44206806 6342
24 The Ridings,London,W5 3BU,+44202886 3750
1 Phillimore Gardens,London,W8 7QB,+44204865 6357
341A Chiswick High Road,London,W4 4HS,+44202537 2535
2 Albert Place,London,W8 5PD,+44202821 0258
3 The Marais,London,W4 3TH,+44208122 4027
11 Queen Street,London,W1J 5PF,+44207342 1031
6 Popes Lane,London,W5 4NA,+44205111 7644
95 Beechmount Avenue,London,W7 3AF,+441895270541
25 Pembridge Square,London,W2 4DR,+44207388 1627
16 Gladstone Road,London,W4 5SU,+44200368 4214
5 Foster Road,London,W3 7AL,+44201250 1188
12 Lancashire Court,London,W1S 1EY,+44208006 4415
Flat B 14 Charlotte Place,London,W1T 1SW,+44208328 6277
Flat C 48 Rylett Crescent,London,W12 9RH,+44202767 1285
Flat 74 Chesterfield House Chesterfield Gardens,London,W1J 5JX,+44207782 2166
Flat 2 184 Portobello Road,London,W11 2EB,+44202802 2386
5 - 6 Newman Passage,London,W1T 1EH,+44207421 8666
Flat A 5 Dorset Street,London,W1U 6QJ,+44200270 4478
83 Iverna Court,London,W8 6TU,+44202655 4050
Basement 7 Prince Of Wales Terrace,London,W8 5PG,+44207667 2654
Flat 394 Harrow Road,London,W9 2HU,+44208546 6242
61 Erconwald Street,London,W12 0BP,+44201525 0840